{
  "project_info": {
    "project_number": "735284213628",
    "project_id": "fut4allapp-18c3c",
    "storage_bucket": "fut4allapp-18c3c.appspot.com"
  },
  "client": [
    {
      "client_info": {
        "mobilesdk_app_id": "1:735284213628:android:0a37cde0b0807a1d7696f9",
        "android_client_info": {
          "package_name": "com.example.footv2"
        }
      },
      "oauth_client": [],
      "api_key": [
        {
          "current_key": "AIzaSyAfsqWoVcpaKKSP_VRFbS35148ouSYqGKc"
        }
      ],
      "services": {
        "appinvite_service": {
          "other_platform_oauth_client": []
        }
      }
    }
  ],
  "configuration_version": "1"
}