{"flutter":{"platforms":{"android":{"default":{"projectId":"fut4allapp-18c3c","appId":"1:735284213628:android:0a37cde0b0807a1d7696f9","fileOutput":"android/app/google-services.json"}},"dart":{"lib/firebase_options.dart":{"projectId":"fut4allapp-18c3c","configurations":{"android":"1:735284213628:android:0a37cde0b0807a1d7696f9","ios":"1:735284213628:ios:b4d6eaf52c0c3d7c7696f9","macos":"1:735284213628:ios:b4d6eaf52c0c3d7c7696f9","web":"1:735284213628:web:56668b4032ca5efd7696f9","windows":"1:735284213628:web:f98ae2f13f877eb27696f9"}}}}}}